rsID	genomic_location	phyloP100way
rs78425180	chr3:38698510	-6.563000
rs6790627	chr3:38707342	-0.072000
rs4076737	chr3:38723291	-0.204000
rs6795970	chr3:38725184	-1.044000
rs77787358	chr3:38726565	-0.473000
rs7374804	chr3:38726843	-1.852000
rs7618620	chr3:38742565	0.228000
rs72866265	chr3:38742647	-1.573000
rs12494065	chr3:38749991	0.006000
rs7630989	chr3:38752449	-0.663000
rs7617919	chr3:38752498	-1.195000
rs6798015	chr3:38757345	-0.267000
rs7641844	chr3:38760760	1.165000
rs74717885	chr3:38763578	-0.537000
rs73826327	chr3:38763639	-1.013000
rs62244081	chr3:38771518	-2.887000
