gene	rsid	mutation	position	wt_aa	mut_aa	charge_wt	charge_mut	delta_charge	polarity_wt	polarity_mut	volume_wt	volume_mut	delta_volume	kd_wt	kd_mut	delta_kd	helix_wt	helix_mut	delta_helix	grantham
SCN10A	rs6795970	V1073A	1073	V	A	0	0	0	nonpolar	nonpolar	140.0	88.6	-51.400000000000006	4.2	1.8	-2.4000000000000004	1.06	1.45	0.3899999999999999	64
SCN10A	rs7374804	K950N	950	K	N	1	0	-1	basic	polar	168.6	114.1	-54.5	-3.9	-3.5	0.3999999999999999	1.23	0.73	-0.5	94
SCN10A	rs7630989	S509A	509	S	A	0	0	0	polar	nonpolar	89.0	88.6	-0.4000000000000057	-0.8	1.8	2.6	0.79	1.45	0.6599999999999999	99
SCN10A	rs74717885	I206M	206	I	M	0	0	0	nonpolar	nonpolar	166.7	162.9	-3.799999999999983	4.5	1.9	-2.6	1.08	1.2	0.11999999999999988	10
