rsID	genomic_location	phyloP100way
rs11414422	chr3:38548868	0.061000
rs41315487	chr3:38548868	0.061000
rs397763929	chr3:38548868	0.061000
rs4073796	chr3:38549358	-0.240000
rs7429945	chr3:38550198	-4.575000
rs1805126	chr3:38550915	-2.119000
rs12715317	chr3:38555570	-1.495000
rs9825620	chr3:38555854	-0.681000
rs6804918	chr3:38557465	-1.906000
rs41310771	chr3:38577055	-0.609000
rs1805124	chr3:38603929	1.276000
rs7428779	chr3:38604932	-0.846000
rs41312433	chr3:38606151	3.844000
rs6770569	chr3:38606289	-2.353000
rs9873213	chr3:38608433	-0.438000
rs6797133	chr3:38614542	0.160000
rs6781731	chr3:38622216	-1.667000
rs7431305	chr3:38622673	-2.821000
rs11719543	chr3:38633499	-0.424000
rs41315485	chr3:38548784	1.757000
